{
    "rmse": 0.7037692816466478,
    "mae": 0.5580163852705858,
    "r2": 0.2900068781688091
}